mode,n,procs,time_s
serial,1000003,1,0.000784
serial,10000019,1,0.000093
serial,100000007,1,0.000273
mpi,1000003,1,0.000704
mpi,1000003,2,0.000045
mpi,1000003,4,0.000048
mpi,1000003,8,0.000074
mpi,10000019,1,0.000114
mpi,10000019,2,0.000129
mpi,10000019,4,0.000108
mpi,10000019,8,0.000162
mpi,100000007,1,0.000362
mpi,100000007,2,0.000161
mpi,100000007,4,0.000092
mpi,100000007,8,0.000331
