mode,n,procs,time_s
serial,1000003,1,0.000034
serial,10000019,1,0.000091
serial,100000007,1,0.000283
mpi,1000003,1,0.001157
mpi,1000003,2,0.000036
mpi,1000003,4,0.000040
mpi,1000003,8,0.000128
mpi,10000019,1,0.000104
mpi,10000019,2,0.000059
mpi,10000019,4,0.000084
mpi,10000019,8,0.000121
mpi,100000007,1,0.000257
mpi,100000007,2,0.000136
mpi,100000007,4,0.000100
mpi,100000007,8,0.000153
